SET FOREIGN_KEY_CHECKS = 0;
DELETE FROM board;
DELETE FROM image;
DELETE FROM restaurant;
DELETE FROM menu;
DELETE FROM user;
DELETE FROM menu_like;
DELETE FROM post;
DELETE FROM post_like;
DELETE FROM post_report;
DELETE FROM comment;
DELETE FROM comment_like;
DELETE FROM comment_report;
DELETE FROM review;
SET FOREIGN_KEY_CHECKS = 1;

-- Restaurant --
INSERT INTO `restaurant` (`id`, `code`, `name_kr`, `name_en`, `addr`, `lat`, `lng`, `etc`, `created_at`, `updated_at`)
VALUES
(1,'302동식당','302동식당',NULL,'서울 관악구 관악로 1 서울대학교 제2공학관',37.44862,126.95232,'{"operating_hours": {"weekdays": ["11:30-13:30", "17:00-18:30"], "saturday": [], "holiday": []}}','2021-01-30 07:01:07','2021-03-02 13:23:15'),
(2,'학생회관식당','학생회관식당',NULL,'서울 관악구 관악로 1 서울대학교 학생회관',37.46036,126.95232,'{"operating_hours": {"weekdays": ["11:00-14:00", "17:30-19:00"], "saturday": ["11:00-14:00"], "holiday": []}}','2021-01-30 07:01:07','2021-03-02 13:23:15'),
(3,'기숙사식당','기숙사식당',NULL,'서울 관악구 관악로 1 서울대학교 기숙사',37.4654,126.956,'{"operating_hours": {"weekdays": ["08:00-09:30", "12:00-14:00", "18:00-19:30"], "saturday": ["08:00-09:30", "12:00-14:00", "18:00-19:30"], "holiday": []}}','2021-01-30 07:01:07','2021-03-02 13:23:15'),
(4,'자하연식당','자하연식당',NULL,'서울 관악구 관악로 1 서울대학교 자하연',37.459,126.95,'{"operating_hours": {"weekdays": ["11:30-14:00"], "saturday": [], "holiday": []}}','2021-01-30 07:01:07','2021-03-02 13:23:15'),
(5,'농생대식당','농생대식당',NULL,'서울 관악구 관악로 1 서울대학교 농생대',37.456,126.948,'{"operating_hours": {"weekdays": ["11:30-13:30"], "saturday": [], "holiday": []}}','2021-01-30 07:01:07','2021-03-02 13:23:15');

-- Menu --
INSERT INTO `menu` (`id`, `restaurant_id`, `code`, `date`, `type`, `name_kr`, `name_en`, `price`, `etc`, `created_at`, `updated_at`)
VALUES
(1, 1, '돈까스', '2025-08-04', 'LU', '돈까스', 'Pork Cutlet', 6000, '[]', '2025-08-04 09:00:00', '2025-08-04 09:00:00'),
(2, 1, '치즈돈까스', '2025-08-04', 'LU', '치즈 돈까스', 'Cheese Pork Cutlet', 7000, '[]', '2025-08-04 09:00:00', '2025-08-04 09:00:00'),
(3, 1, '김치찌개', '2025-08-04', 'DN', '김치찌개', 'Kimchi Stew', 5500, '[]', '2025-08-04 09:00:00', '2025-08-04 09:00:00'),
(4, 2, '제육덮밥', '2025-08-04', 'LU', '제육덮밥', 'Spicy Pork with Rice', 6500, '[]', '2025-08-04 09:00:00', '2025-08-04 09:00:00'),
(5, 2, '된장찌개', '2025-08-04', 'LU', '된장찌개', 'Soybean Paste Stew', 5000, '[]', '2025-08-04 09:00:00', '2025-08-04 09:00:00'),
(6, 2, '순두부찌개', '2025-08-05', 'DN', '순두부찌개', 'Soft Tofu Stew', 6000, '[]', '2025-08-05 09:00:00', '2025-08-05 09:00:00'),
(7, 3, '라면', '2025-08-05', 'BR', '라면', 'Ramyeon', 4000, '[]', '2025-08-05 09:00:00', '2025-08-05 09:00:00'),
(8, 3, '백반', '2025-08-05', 'LU', '백반', 'Korean Set Menu', 7000, '[]', '2025-08-05 09:00:00', '2025-08-05 09:00:00'),
(9, 3, '카레라이스', '2025-08-05', 'DN', '카레라이스', 'Curry Rice', 5500, '["No meat"]', '2025-08-05 09:00:00', '2025-08-05 09:00:00'),
(10, 4, '짜장면', '2025-08-06', 'BR', '짜장면', 'Black Bean Noodles', 5000, '[]', '2025-08-06 09:00:00', '2025-08-06 09:00:00'),
(11, 4, '짬뽕', '2025-08-06', 'LU', '짬뽕', 'Spicy Seafood Noodle Soup', 6000, '[]', '2025-08-06 09:00:00', '2025-08-06 09:00:00'),
(12, 4, '탕수육', '2025-08-06', 'DN', '탕수육', 'Sweet and Sour Pork', 12000, '[]', '2025-08-06 09:00:00', '2025-08-06 09:00:00'),
(13, 5, '비빔밥', '2025-08-06', 'LU', '비빔밥', 'Bibimbap', 5500, '["No meat"]', '2025-08-06 09:00:00', '2025-08-06 09:00:00'),
(14, 5, '불고기', '2025-08-07', 'DN', '불고기', 'Bulgogi', 8000, '[]', '2025-08-07 09:00:00', '2025-08-07 09:00:00'),
(15, 5, '갈비탕', '2025-08-07', 'DN', '갈비탕', 'Short Rib Soup', 9000, '[]', '2025-08-07 09:00:00', '2025-08-07 09:00:00');

-- User --
INSERT INTO `user` (id, type, identity, etc, created_at, updated_at, nickname, profile_url)
VALUES
(1, 'KAKAO', '00000001', null, '2021-03-25 16:54:26', '2024-08-31 18:14:07', '수의대식당_목살스테이크_ad56', null),
(2, 'GOOGLE', '00000002', null, '2022-01-01 12:00:00', '2025-01-01 12:00:00', 'testuser2', null),
(3, 'KAKAO', '00000003', null, '2023-01-01 12:00:00', '2025-02-01 12:00:00', 'testuser3', null),
(4, 'GOOGLE', '00000004', null, '2023-02-01 12:00:00', '2025-03-01 12:00:00', 'testuser4', null),
(5, 'KAKAO', '00000005', null, '2023-03-01 12:00:00', '2025-04-01 12:00:00', 'testuser5', null);

-- Menu Like --
INSERT INTO `menu_like` (id, user_id, menu_id, is_liked, created_at, updated_at)
VALUES
(1, 1, 1, 1, '2025-08-04 12:00:00', '2025-08-04 12:00:00'),
(2, 1, 2, 1, '2025-08-04 12:01:00', '2025-08-04 12:01:00'),
(3, 2, 3, 1, '2025-08-04 18:30:00', '2025-08-04 18:30:00'),
(4, 2, 4, 1, '2025-08-04 13:00:00', '2025-08-04 13:00:00'),
(5, 3, 5, 1, '2025-08-04 14:00:00', '2025-08-04 14:00:00'),
(6, 3, 6, 1, '2025-08-05 19:00:00', '2025-08-05 19:00:00'),
(7, 4, 7, 1, '2025-08-05 09:30:00', '2025-08-05 09:30:00'),
(8, 4, 8, 1, '2025-08-05 13:30:00', '2025-08-05 13:30:00'),
(9, 5, 9, 1, '2025-08-05 20:00:00', '2025-08-05 20:00:00'),
(10, 5, 10, 1, '2025-08-06 10:00:00', '2025-08-06 10:00:00');

-- Review --
INSERT INTO `review` (`id`, `menu_id`, `user_id`, `score`, `comment`, `etc`, `created_at`, `updated_at`)
VALUES
(1, 1, 1, 5, '맛있어요!', null, '2025-08-04 12:30:00', '2025-08-04 12:30:00'),
(2, 2, 2, 4, 'So so', null, '2025-08-04 13:00:00', '2025-08-04 13:00:00'),
(3, 3, 3, 5, 'JMT', null, '2025-08-04 18:00:00', '2025-08-04 18:00:00'),
(4, 4, 4, 3, 'Not bad', null, '2025-08-04 13:30:00', '2025-08-04 13:30:00'),
(5, 5, 5, 2, 'Bad', null, '2025-08-04 14:00:00', '2025-08-04 14:00:00'),
(6, 1, 1, 5, 'Perfect', null, '2025-08-05 18:30:00', '2025-08-05 18:30:00'),
(7, 2, 2, 4, 'Good', null, '2025-08-05 09:00:00', '2025-08-05 09:00:00'),
(8, 3, 3, 3, 'Just okay', null, '2025-08-05 13:00:00', '2025-08-05 13:00:00'),
(9, 4, 4, 2, 'Too salty', null, '2025-08-05 19:00:00', '2025-08-05 19:00:00'),
(10, 5, 5, 1, 'Never again', null, '2025-08-06 09:30:00', '2025-08-06 09:30:00'),
(11, 1, 1, 5, 'I love it', null, '2025-08-06 13:30:00', '2025-08-06 13:30:00'),
(12, 2, 2, 4, 'Yummy', null, '2025-08-06 18:30:00', '2025-08-06 18:30:00'),
(13, 3, 3, 3, 'Could be better', null, '2025-08-06 14:00:00', '2025-08-06 14:00:00'),
(14, 4, 4, 5, 'Excellent!', null, '2025-08-07 19:00:00', '2025-08-07 19:00:00'),
(15, 5, 5, 4, 'Pretty good', null, '2025-08-07 19:30:00', '2025-08-07 19:30:00');

-- Board --
INSERT INTO `board` (name, description, id, created_at, updated_at, type)
VALUES
('자유게시판', '자유다!!', 1, '2024-08-31 19:03:06', '2024-08-31 19:19:12', 1),
('점메추', '점심이에오', 2, '2025-08-03 12:00:00', '2025-08-03 12:00:00', 1),
('나만 아는 맛집', '맛집 ㅊㅊ', 3, '2025-08-03 12:00:00', '2025-08-03 12:00:00', 2);

-- Post --
INSERT INTO `post` (user_id, board_id, title, content, available, id, created_at, updated_at, etc, anonymous)
VALUES
(1, 1, '와~', '식샤에 커뮤니티 기능이 생겼어요!', 1, 1, '2024-09-10 23:16:12', '2024-09-10 23:16:12', null, 1),
(2, 1, '두번째 글', '반갑습니다.', 1, 2, '2025-08-03 11:00:00', '2025-08-03 11:00:00', null, 0),
(3, 1, '자유게시판 글 1', '자유롭게 글을 씁니다.', 1, 3, '2025-08-04 10:00:00', '2025-08-04 10:00:00', null, 0),
(4, 1, '자유게시판 글 2', '날씨가 좋네요.', 1, 4, '2025-08-04 11:00:00', '2025-08-04 11:00:00', null, 1),
(5, 2, '점메추 받습니다', '오늘 점심 뭐 먹을까요?', 1, 5, '2025-08-04 12:00:00', '2025-08-04 12:00:00', null, 0),
(1, 2, '학관 어때요?', '학생회관 식당 메뉴 괜찮나요?', 1, 6, '2025-08-04 13:00:00', '2025-08-04 13:00:00', null, 1),
(2, 2, '302동 돈까스 강추', '오늘 302동 돈까스 맛있어요.', 1, 7, '2025-08-04 14:00:00', '2025-08-04 14:00:00', null, 0),
(3, 3, '숨겨진 맛집 공유', '사실 기숙사 식당이 제일 맛있음', 1, 8, '2025-08-04 15:00:00', '2025-08-04 15:00:00', null, 1),
(4, 3, '농생대 식당 후기', '오늘 나온 메뉴 먹을만해요.', 1, 9, '2025-08-04 16:00:00', '2025-08-04 16:00:00', null, 0),
(5, 1, '종강 언제하나요', '집에 가고 싶다', 1, 10, '2025-08-04 17:00:00', '2025-08-04 17:00:00', null, 1);

-- Post Like --
INSERT INTO `post_like` (user_id, post_id, is_liked, id, created_at, updated_at)
VALUES
(1, 2, 1, 1, '2025-08-03 11:05:00', '2025-08-03 11:05:00'),
(2, 1, 1, 2, '2024-09-10 23:20:00', '2024-09-10 23:20:00'),
(3, 3, 1, 3, '2025-08-04 10:30:00', '2025-08-04 10:30:00'),
(4, 4, 1, 4, '2025-08-04 11:15:00', '2025-08-04 11:15:00'),
(5, 5, 1, 5, '2025-08-04 12:05:00', '2025-08-04 12:05:00'),
(1, 6, 1, 6, '2025-08-04 13:10:00', '2025-08-04 13:10:00'),
(2, 7, 1, 7, '2025-08-04 14:20:00', '2025-08-04 14:20:00'),
(3, 8, 1, 8, '2025-08-04 15:30:00', '2025-08-04 15:30:00'),
(4, 9, 1, 9, '2025-08-04 16:45:00', '2025-08-04 16:45:00'),
(5, 10, 1, 10, '2025-08-04 17:50:00', '2025-08-04 17:50:00');

-- Comment --
INSERT INTO `comment` (`user_id`, `post_id`, `content`, `available`, `id`, `created_at`, `updated_at`, `anonymous`)
VALUES
(1, 1, '와~ 첫 댓글이라니 감격이에요', 1, 1, '2024-09-10 23:17:27', '2024-09-10 23:17:27', 1),
(1, 2, '좋은 글 감사합니다.', 1, 2, '2025-08-03 11:10:00', '2025-08-03 11:10:00', 1),
(2, 3, '동의합니다!', 1, 3, '2025-08-04 10:05:00', '2025-08-04 10:05:00', 0),
(3, 4, '오늘 날씨 정말 좋죠!', 1, 4, '2025-08-04 11:05:00', '2025-08-04 11:05:00', 1),
(4, 5, '저는 학생회관 식당 추천해요.', 1, 5, '2025-08-04 12:10:00', '2025-08-04 12:10:00', 0),
(5, 6, '학관 괜찮아요. 가성비 최고!', 1, 6, '2025-08-04 13:05:00', '2025-08-04 13:05:00', 1),
(1, 7, '돈까스 맛있겠네요.', 1, 7, '2025-08-04 14:10:00', '2025-08-04 14:10:00', 0),
(2, 8, '기숙사 식당 인정합니다.', 1, 8, '2025-08-04 15:15:00', '2025-08-04 15:15:00', 1),
(3, 9, '농생대 식당도 괜찮죠.', 1, 9, '2025-08-04 16:20:00', '2025-08-04 16:20:00', 0),
(4, 10, '그러게요. 종강하고 싶어요.', 1, 10, '2025-08-04 17:25:00', '2025-08-04 17:25:00', 1);

-- Comment Like --
INSERT INTO `comment_like` (user_id, comment_id, is_liked, id, created_at, updated_at)
VALUES
(1, 1, 1, 1, '2024-09-11 00:06:38', '2024-09-11 00:06:38'),
(2, 2, 1, 2, '2025-08-03 11:15:00', '2025-08-03 11:15:00'),
(3, 3, 1, 3, '2025-08-04 10:10:00', '2025-08-04 10:10:00'),
(4, 4, 1, 4, '2025-08-04 11:20:00', '2025-08-04 11:20:00'),
(5, 5, 1, 5, '2025-08-04 12:15:00', '2025-08-04 12:15:00'),
(1, 6, 1, 6, '2025-08-04 13:10:00', '2025-08-04 13:10:00'),
(2, 7, 1, 7, '2025-08-04 14:15:00', '2025-08-04 14:15:00'),
(3, 8, 1, 8, '2025-08-04 15:20:00', '2025-08-04 15:20:00'),
(4, 9, 1, 9, '2025-08-04 16:25:00', '2025-08-04 16:25:00'),
(5, 10, 1, 10, '2025-08-04 17:30:00', '2025-08-04 17:30:00');